id;title;description;date
1;augur highly;delicious mmm;2024-01-23
2;parallel unravel moral;blahX;2024-01-23
3;indeed but beside;aperitif after developing;2024-01-23
4;spacing chlorinate;rankX;2024-01-23
5;outlandish chess who;upright whenever sweet;2024-01-23
6;brr eating;before modernise;2024-01-23
7;frenetically;wootX;2024-01-23
8;oat throughout messy;emission after though;2024-01-23
9;furthermore nibble;though dumbfound;2024-01-23
10;trounce inside enterprise;tightly unfortunately;2024-01-23
